<?xml version="1.0" encoding="UTF-8"?>
<configurationDescriptor version="100">
  <logicalFolder name="root" displayName="root" projectFiles="true" kind="ROOT">
    <logicalFolder name="HeaderFiles"
                   displayName="Header Files"
                   projectFiles="true">
      <itemPath>FileManager.h</itemPath>
      <itemPath>FileSystem.h</itemPath>
      <itemPath>IFileManager.h</itemPath>
      <itemPath>IUnknown.h</itemPath>
    </logicalFolder>
    <logicalFolder name="ResourceFiles"
                   displayName="Resource Files"
                   projectFiles="true">
    </logicalFolder>
    <logicalFolder name="SourceFiles"
                   displayName="Source Files"
                   projectFiles="true">
      <itemPath>FileManager.cpp</itemPath>
      <itemPath>FileSystem.cpp</itemPath>
    </logicalFolder>
    <logicalFolder name="TestFiles"
                   displayName="Test Files"
                   projectFiles="false"
                   kind="TEST_LOGICAL_FOLDER">
    </logicalFolder>
    <logicalFolder name="ExternalFiles"
                   displayName="Important Files"
                   projectFiles="false"
                   kind="IMPORTANT_FILES_FOLDER">
      <itemPath>Makefile</itemPath>
    </logicalFolder>
  </logicalFolder>
  <projectmakefile>Makefile</projectmakefile>
  <confs>
    <conf name="Debug" type="2">
      <toolsSet>
        <compilerSet>default</compilerSet>
        <dependencyChecking>true</dependencyChecking>
        <rebuildPropChanged>false</rebuildPropChanged>
      </toolsSet>
      <compileType>
        <ccTool>
          <standard>8</standard>
          <incDir>
            <pElem>../toUseInLinux</pElem>
          </incDir>
        </ccTool>
      </compileType>
      <item path="FileManager.cpp" ex="false" tool="1" flavor2="0">
      </item>
      <item path="FileManager.h" ex="false" tool="3" flavor2="0">
      </item>
      <item path="FileSystem.cpp" ex="false" tool="1" flavor2="0">
      </item>
      <item path="FileSystem.h" ex="false" tool="3" flavor2="0">
      </item>
      <item path="IFileManager.h" ex="false" tool="3" flavor2="0">
      </item>
      <item path="IUnknown.h" ex="false" tool="3" flavor2="0">
      </item>
    </conf>
    <conf name="Release" type="2">
      <toolsSet>
        <compilerSet>default</compilerSet>
        <dependencyChecking>true</dependencyChecking>
        <rebuildPropChanged>false</rebuildPropChanged>
      </toolsSet>
      <compileType>
        <cTool>
          <developmentMode>5</developmentMode>
        </cTool>
        <ccTool>
          <developmentMode>5</developmentMode>
        </ccTool>
        <fortranCompilerTool>
          <developmentMode>5</developmentMode>
        </fortranCompilerTool>
        <asmTool>
          <developmentMode>5</developmentMode>
        </asmTool>
      </compileType>
      <item path="FileManager.cpp" ex="false" tool="1" flavor2="0">
      </item>
      <item path="FileManager.h" ex="false" tool="3" flavor2="0">
      </item>
      <item path="FileSystem.cpp" ex="false" tool="1" flavor2="0">
      </item>
      <item path="FileSystem.h" ex="false" tool="3" flavor2="0">
      </item>
      <item path="IFileManager.h" ex="false" tool="3" flavor2="0">
      </item>
      <item path="IUnknown.h" ex="false" tool="3" flavor2="0">
      </item>
    </conf>
  </confs>
</configurationDescriptor>
